Country Name,ISO3-digit Alpha
Afghanistan,AFG
Africa CAMEU region,N/A
Albania,ALB
Algeria,DZA
American Samoa,ASM
Andorra,AND
Angola,AGO
Anguilla,AIA
Antarctica,ATA
Antigua and Barbuda,ATA
Areas,N/A
Argentina,ARG
Armenia,ARM
Aruba,ABW
Australia,AUS
Austria,AUT
Azerbaijan,AZE
Bahamas,BHS
Bahrain,BHR
Bangladesh,BGD
Barbados,BRB
Belarus,BLR
Belgium,BEL
Belgium-Luxembourg,BEL
Belize,BLZ
Benin,BEN
Bermuda,BMU
Bhutan,BTN
Bolivia (Plurinational State of),BOL
Bonaire,BES
Bosnia Herzegovina,BIH
Botswana,BWA
Bouvet Island,N/A
Br. Antarctic Terr.,N/A
Br. Indian Ocean Terr.,IOT
Br. Virgin Isds,VGB
Brazil,BRA
Brunei Darussalam,BRN
Bulgaria,BGR
Bunkers,N/A
Burkina Faso,BFA
Burundi,BDI
Cabo Verde,CPV
CACM,N/A
Cambodia,KHM
Cameroon,CMR
Canada,CAN
Caribbean,N/A
Cayman Isds,CYM
Central African Rep.,CAF
Chad,TCD
Chile,CHL
China,CHN
China Hong Kong SAR,HKG
China Macao SAR,MAC
Christmas Isds,CXR
Cocos Isds,CCK
Colombia,COL
Comoros,COM
Congo,COG
Cook Isds,COK
Costa Rica,CRI
Cote d'Ivoire,CIV
Croatia,HRV
Cuba,CUB
Curacao,CUW
Cyprus,CYP
Czechia,CZE
Czechoslovakia,CSK
Dem. People's Rep. of Korea,PRK
Dem. Rep. of the Congo,COD
Denmark,DNK
Djibouti,DJI
Dominica,DMA
Dominican Rep.,DOM
East and West Pakistan,PAK
Eastern Europe,N/A
Ecuador,ECU
Egypt,EGY
El Salvador,SLV
Equatorial Guinea,GNQ
Eritrea,ERI
Estonia,EST
Ethiopia,ETH
EU-28,EU2
Europe EFTA,N/A
Europe EU,N/A
Faeroe Isds,FRO
Falkland Isds (Malvinas),FLK
Fiji,FJI
Finland,FIN
Fmr Arab Rep. of Yemen,YEM
Fmr Dem. Rep. of Germany,DDR
Fmr Dem. Rep. of Vietnam,VDR
Fmr Dem. Yemen,YMD
Fmr Ethiopia,ETH
Fmr Fed. Rep. of Germany,DEU
Fmr Pacific Isds,PCI
Fmr Panama excl.Canal Zone,PAN
Fmr Panama-Canal-Zone,PCZ
Fmr Rep. of Vietnam,VNM
Fmr Rhodesia Nyas,N/A
Fmr Sudan,SDN
Fmr Tanganyika,N/A
Fmr USSR,SUN
Fmr Yugoslavia,YUG
Fmr Zanzibar and Pemba Isd,N/A
Fr. South Antarctic Terr.,ATF
France,FRA
Free Zones,N/A
French Guiana,GUF
French Polynesia,PYF
FS Micronesia,FSM
Gabon,GAB
Gambia,GMB
Georgia,GEO
Germany,DEU
Ghana,GHA
Gibraltar,GIB
Greece,GRC
Greenland,GRL
Grenada,GRD
Guadeloupe,GLP
Guam,GUM
Guatemala,GTM
Guinea,GIN
Guinea-Bissau,GNB
Guyana,GUY
Haiti,HTI
Heard Island and McDonald Islands,HMD
Holy See (Vatican City State),VAT
Honduras,HND
Hungary,HUN
Iceland,ISL
India,IND
India excl. Sikkim,IND
Indonesia,IDN
Iran,IRN
Iraq,IRQ
Ireland,IRL
Israel,ISR
Italy,ITA
Jamaica,JAM
Japan,JPN
Jordan,JOR
Kazakhstan,KAZ
Kenya,KEN
Kiribati,KIR
Kuwait,KWT
Kyrgyzstan,KGZ
LAIA,N/A
Lao People's Dem. Rep.,LAO
Latvia,LVA
Lebanon,LBN
Lesotho,LSO
Liberia,LBR
Libya,LBY
Lithuania,LTU
Luxembourg,LUX
Madagascar,MDG
Malawi,MWI
Malaysia,MYS
Maldives,MDV
Mali,MLI
Malta,MLT
Marshall Isds,MHL
Martinique,MTQ
Mauritania,MRT
Mauritius,MUS
Mayotte,MYT
Mexico,MEX
Mongolia,MNG
Montenegro,MNE
Montserrat,MSR
Morocco,MAR
Mozambique,MOZ
Myanmar,MMR
N. Mariana Isds,MNP
Namibia,NAM
Nauru,NRU
Nepal,NPL
Neth. Antilles,ANT
Neth. Antilles and Aruba,ANT
Netherlands,NLD
Neutral Zone,N/A
New Caledonia,NCL
New Zealand,NZL
Nicaragua,NIC
Niger,NER
Nigeria,NGA
Niue,NIU
Norfolk Isds,NFK
North America and Central America,N/A
Northern Africa,N/A
Norway,NOR
Oceania,N/A
Oman,OMN
Other Africa,N/A
Other Asia,N/A
Other Europe,N/A
Pakistan,PAK
Palau,PLW
Panama,PAN
Papua New Guinea,PNG
Paraguay,PRY
Peninsula Malaysia,N/A
Peru,PER
Philippines,PHL
Pitcairn,PCN
Poland,POL
Portugal,PRT
Qatar,QAT
Rep. of Korea,KOR
Rep. of Moldova,MDA
Rest of America,N/A
R‚union,REU
Romania,ROU
Russian Federation,RUS
Rwanda,RWA
Ryukyu Isd,N/A
Sabah,N/A
Saint Barth‚lemy,BLM
Saint Helena,SHN
Saint Kitts and Nevis,KNA
Saint Kitts,KNA
Saint Lucia,LCA
Saint Maarten,SXM
Saint Pierre and Miquelon,SPM
Saint Vincent and the Grenadines,VCT
Samoa,WSM
San Marino,SMR
Sao Tome and Principe,STP
Sarawak,N/A
Saudi Arabia,SAU
Senegal,SEN
Serbia,SRB
Serbia and Montenegro,SCG
Seychelles,SYC
Sierra Leone,SLE
Sikkim,N/A
Singapore,SGP
Slovakia,SVK
Slovenia,SVN
So. African Customs Union,ZAF
Solomon Isds,SLB
Somalia,SOM
South Africa,ZAF
South Georgia and the South Sandwich Islands,SGS
South Sudan,SSD
Spain,ESP
Special Categories,N/A
Sri Lanka,LKA
State of Palestine,PSE
Sudan,SDN
Suriname,SUR
Swaziland,SWZ
Sweden,SWE
Switzerland,CHE
Syria,SYR
Tajikistan,TJK
TFYR of Macedonia,MKD
Thailand,THA
Timor-Leste,TLS
Togo,TGO
Tokelau,TKL
Tonga,TON
Trinidad and Tobago,TTO
Tunisia,TUN
Turkey,TUR
Turkmenistan,TKM
Turks and Caicos Isds,TCA
Tuvalu,TUV
Uganda,UGA
Ukraine,UKR
United Arab Emirates,ARE
United Kingdom,GBR
United Rep. of Tanzania,TZA
United States Minor Outlying Islands,UMI
Uruguay,URY
US Misc. Pacific Isds,N/A
US Virgin Isds,VIR
USA,USA
USA (before 1981),USA
Uzbekistan,UZB
Vanuatu,VUT
Venezuela,VEN
Viet Nam,VNM
Wallis and Futuna Isds,WLF
Western Asia,N/A
Western Sahara,ESH
World,WLD
Yemen,YEM
Zambia,ZMB
Zimbabwe,ZWE
